block,transaction,owner,darknode
10113201,0xdbf8c2f43e018dd71f6e384e963ae4f91b7ff8603f095a61fd2ab556a7a5a00f,0xEC58d8b8C3CC568E247fcf2DC96d221bAc548DfC,0x1D369E6B5D838D8EF004c7311f6048D81Aa3143E
10142830,0xcb99fd54b287242c8541d91c436c16742e81440bc72d502fb0626b91f9a4ecfc,0x68F593572402632C724bc2d2fCa05e91541269F3,0x72e493C12e4F76b54Ac0798c6Ff8214bCbbA9a28
10143770,0x0b76bb2ec6be97dd7f032ee209bdea57c39ae3ffe34d5a0e60720d493ebdfb2d,0x4AeeE08c3187fA1Ae768E6264898397f339ac334,0x766943De8426708Ca9b388111095dF4789aCA347
10155195,0xc138e147b7dd517afd974ec4e73dc02b265fe5ba7455622a0cd83ad616649964,0x58DeF8a16A8f3E14a10e6bf62Ec28d626505DaED,0x00588412849457A22ED5c32DF579304E255736cC
10155195,0xa810cdd98f874c68ae5793ab38bda085e624193482425aa1dea77bf660e04a8f,0x58DeF8a16A8f3E14a10e6bf62Ec28d626505DaED,0x4FcB97e55958063477e707134dD490C0A4762ABe
10158173,0x8898a348a09117999d6b755581daa9a8321aa33b9565cf5362ea3f4d338fbb8e,0xc343f2F8833c012585d6A65786f5cD399c36Bd69,0x379f16EA86C091439c74F1f45320465Afa8EdBc6
10165946,0x85670bfa2bf372482885c6cf927310483c7fda7db94760ebb0762d520f3ce720,0x116ea26956311F83785920602D3cE636F6f2dBeA,0xB1B32cE93d652b08c0ED8838f4d17FFF2eE85E88
10214709,0x5719f44d20211ddd9cd36d384f80ae6e66fbe0de6924964045a4d0eedd7b93db,0x2Debdf4427CcBcfDbC7f29D63964499a0ec184F6,0xFBDA4e8C0f1168b3E194066d3Cc5BAF9BF99865F
10243782,0xa55f901ff952657aaa98730569313bc0aec9ffe81dfae925288c47d13ec31694,0x6D330800687ee1B85D4aF30bFF6BC41638f21524,0x13F2a85b8D93A036af1D32BE3838e2b47dbc21D2
10243789,0x70052dc0bd46cec4ecf321e0581358ec23858f22360df3ba130278ea8d7ed3dd,0x6D330800687ee1B85D4aF30bFF6BC41638f21524,0xd5D47E7501AC62f2Ff9Cb0FFFb951aEfe77E78cc
10243789,0x2a4f6eb49d7e7e45d32a707fdad1720d73e6776be6a1db30ad7e9c6ebfa91985,0x6D330800687ee1B85D4aF30bFF6BC41638f21524,0x0B94296f4D1c5262ccC85dB2Ce38A0E43A886897
10243791,0x9cd66a5f51151d4aeae6a3fb0bb6022609571bc8f765e53aa9c940da7d8620e3,0x6D330800687ee1B85D4aF30bFF6BC41638f21524,0xDBa52F9cBB4e74dA2B0efa0Bee30D0F8f83E092c
10243791,0xf160b9b34b540970078d6b05da7adf69cd975809049259ea8a4c10880d6f12ed,0x6D330800687ee1B85D4aF30bFF6BC41638f21524,0x63078bB4fbf5302D7091c4d64e476614EAe43803
10250805,0x979810eda429aeb86bc1d92c38d5696dec3fce6aaeea15dd19faa395938b369d,0x707E4A05B3dDC2049387BF7B7CFe82D6F09e986e,0x61380102451E850e06e3027758ac43C112F3bA8d
10327483,0x009b667d975006f3f743bf323f89cb2079b9552d3235222bb7cf078ec7c87e1c,0x9FF7E487d9a7123D0B0ad0ECDD723dA16b577A79,0xdaEdDf34c024315ba38C092FdA8211786b525677
10327504,0x7b979460995383c01852aaa01dae1daa0b12dee49f0a73370c8abdc173f5a13c,0x9FF7E487d9a7123D0B0ad0ECDD723dA16b577A79,0x8f36addd1a9dD99f36887cC16FA7Bb00f5c43555
10327505,0xbdd9479c3f101a41953b4388cd0b2df533c5add3a73011a65dcbecb23084e061,0x9FF7E487d9a7123D0B0ad0ECDD723dA16b577A79,0x5Ab7F780D28f073c3175Fb78A447813f67926c54
10327654,0x8ea70e8e312f53a9d88f828e680b88cb9df0a2193ae1ef61f9352fa0ac437734,0x9FF7E487d9a7123D0B0ad0ECDD723dA16b577A79,0xf5F20d6a04AF331156aD38F4B6D09CeFd616a7E7
10327654,0x2c9a400aa16d6f709411ce8f813690c7a422242bb075c6644bff572d04db6be8,0x9FF7E487d9a7123D0B0ad0ECDD723dA16b577A79,0xDB74025C5443Fe7Ce2a5A19Dc7239C822b879b11
10327654,0xd7376bd17b1735b92f0d7e2e271e7e747535ae52381e528c825b618e7a9b2827,0x9FF7E487d9a7123D0B0ad0ECDD723dA16b577A79,0x75E2f640df8aF431aE79A0e5eB8036deB76a3db7
10327777,0x3db935df2a591fac3c471a741d27694b9e8adeaff4b35a0cee76ccecbee2f60f,0x9FF7E487d9a7123D0B0ad0ECDD723dA16b577A79,0x865E7a5fdCB843ba46fCA3A2A0f32d606F38F6aD
10327777,0xc4613b96ea8a8d9e9a9e63a292b0947b806eaee54f2afb71f8e8721b3598ac6b,0x9FF7E487d9a7123D0B0ad0ECDD723dA16b577A79,0x5f61E31417689e25F656a64087399B941B5AEBc8
10327777,0xc272e8c87c9a8a08316bb64eec43495968edff28c2dc6f4cef6467986e1805d5,0x9FF7E487d9a7123D0B0ad0ECDD723dA16b577A79,0x767A44325C47d8fc79b9311c64d4d49994e6Beb9
10327777,0x1c4157699f47df6aed6135e86beceedec0ea30215675cea652469defe5fe5684,0x9FF7E487d9a7123D0B0ad0ECDD723dA16b577A79,0x7522cf6745b5027CC543Cc1CA19b6917F90d7b44
10329661,0x0c6d975ead1e5dcafb6bbb006573d39cb3c9b99eaddc1031bf29beb66adea00b,0x4317E24f71e7aD54384be81291C378Dc0Db958AA,0x81b7E7d837eb5D83F449e34D953E185C8Beb5EC0
10334068,0xe160fb0ae5ded097a3900a4555c293180c4c296911e7f75a18c2109c3e1bb754,0x116ea26956311F83785920602D3cE636F6f2dBeA,0x59740C7e79cA8a88cb92A697Acb443de0242A883
10347293,0x72d61ba7f78d92b7846daac78a174678c9dfa81bf2bc48905449b170d4ad7e8d,0x78993bfE37DA5a8DF2D5a8d7213A41c26B20B49D,0xeA577a6c7bD777b9535C480e87290D6e5937Ed31
10379837,0x42467a21e6842aa413665c4390e89f31f4476d8f6407b2fac9120ceb2210d2ab,0xc6473d6ffFd74686A4A859C576A7e5e06D1A7A5d,0xd360febF591b827B47C31032a840e8248F8F8570
10379847,0x5f7ef67fde2fc48a9e26f2b86f08018bff819d98b068dcfd57d8fddfb0e818de,0x184c7e928E37b873D24dF86Ba32453b0f1765217,0x65ee45b49490B1993E05c71398938cC5A3219eB6
10384067,0xdf8cbced7165dbeaa5091bd787a3c4d1ff873c0eb5bdba5d044c361d38fd02f8,0x62b442176f8C478D401AA875dbF83Dfe4a703D65,0xE5Ec7d40BD4E2D5E01972bD8B895404D28381d08
10386359,0xaa3edbd3ba7a9c9d8fdb5b8cfa138f958824f02d3f7c62727205d7d9032419cc,0xB1Cb0838BA361fF986222d9934D5aBAb21e6cfFC,0x768f9c29BcA320b9Cd5638e134a617967daBf969
10386363,0xfd4612a80043ba97523eb01df5ba07626b5f798480c52b4910ec45f60d3c5a1d,0xB1Cb0838BA361fF986222d9934D5aBAb21e6cfFC,0xd90db090E8371275e0953C1Aed14d7f53e782de6
10404647,0xdd0f766b9ef5dca8bdf304f4b7e97c3ce592c67a293dc1f436210941146340b9,0x64aBC5b10C77d93BE5038E7b4965D2F0D8279127,0x1E23c522793949Bf2b825b917c99cdEfd83712E3
10452766,0xecdaf4e31f849932a8576d089dd507b777730628b69b87e83ae6b7f655ea1d86,0x04E956CB47fe92a4D8EE013C815Db3A479cDfE99,0xd461226c0418949E96a5E594fB80238f84721970
10453253,0xc8b111b101d31a52437d5c56a97cab0fa66591d45d83508e5b495b15194ac60b,0x937AaB82E3867CaB6A61AC76b0a40851B198eB0B,0x6FDad00f867beb03bea9466a6E5D18F49809fb22
10453262,0x2e17a839f7f5f81371b0f990fbd433f7167cd9534442ec4f53397076b320bebd,0x937AaB82E3867CaB6A61AC76b0a40851B198eB0B,0x215540e760398C0F6428EEa26b424DA151c8850a
10453288,0xd579abf51b1208adf42514710fc08d137e48d7bc5c5762a818e0de850cf76b31,0x937AaB82E3867CaB6A61AC76b0a40851B198eB0B,0xD541d070CfF92CbD3148fFF2cDF4659d1B39AECC
10453292,0x318fd48f79739cdd6bf8d539eee985ab6bbb2d1ee8bae0ed3552d0caee570b2a,0x937AaB82E3867CaB6A61AC76b0a40851B198eB0B,0x8e007C1205893b04ad3ACB281EA9d228747668d5
10461257,0xe9b409cf507f3914b1c0ac9d7852cd5c5920e2c791c925786fd0bfba4bd70ee1,0xd25E6eB12904D55F889f27Fda234FD4b659046Cc,0xA7a308a840F27BBD407Cff6d7bE3e031dbC06788
10473697,0xeeb1b289a1129283855775be80c5ab648d6b0ca95c611bab22bab71ed96a0ec9,0xdb436E011F39CE8678D45d8Be564e3BB8C25d482,0x191985c387f55624F46664D20d847Db4736eb8B6
10485466,0x0b8eec59e5f1d723c6c67aef04dfa3044c618400acbb5ffd824de48b66d33cff,0x5EbE4C2F14cd027bB2BfcE0116cDC4cEB1b68d95,0x81464e009947825b2291707d7dcB9B56dd4AD58E
10489938,0x706741fd7629fe0bd45d60cc28da19bfc36b25b1afa1ac6ddfde76995fb66d38,0xF99cCF26AaD027bBd11f1ebF8392BA729a454015,0xaC94Bc2d9A955BBF0d02582450169157a8e53c59
10498368,0x70da65589c4569673888a3cf1dfb7b380ecf2a632c3dae806f781042e3f79ec5,0x2880a6bb2cD1DF6E03dC8BbFBEd009DE586c2603,0xE03aA3044927a29DCE210c01Ec12eAc6AADb5144
10503542,0xf07915c87d47f05312a54dd4303f4a72d8ad57d60b14bded6552922ca7bca85b,0xCd206946627F0774Bf3CAE471E39E12FB13c3944,0xa9d32F3989dA6472d55B98439E26822E7F79aeD6
10521070,0x789694f4814bf74851064bfdbc739dd2744fd6172f9340cf69fbfb06fae4b8fa,0x9D0D11B1AF7B0Cdb6aa7EFA00eef838Da11b169C,0x93282AEbB67a3A1409bEdfB929Ee20D67B2Ea96a
10523105,0x2182bbfedff98f5650573f910f31f6fd6594e651913a41c9904786968f48cb97,0x832C28E876BdB99147c44CD306bffeeA816C98c1,0x81a4152337F34F093d4e784dE9536437d9D1500e
10523126,0xef58b3f67df3d727702d42f5d6d8dcc90b60728b0f1639c149b9eeb5c50a398a,0x832C28E876BdB99147c44CD306bffeeA816C98c1,0x4322642A038eDB4DA366c304ca4942C1740d009a
10523140,0xfa4d05d0328e1cc244ae7dec11eb52dd2f7d1ee7bcb44e3d1331950ee4e28006,0x832C28E876BdB99147c44CD306bffeeA816C98c1,0x8D8a9f380A8580698c1796Eb2D9b819B49386ee9
10523171,0xb1236f8185ba2499892d0cdadc26983ae3eaec241172353905f9fad493786bb0,0x832C28E876BdB99147c44CD306bffeeA816C98c1,0xAA79FD62A6AAFEe8FBe0836aeB2c81670a3346F8
10523197,0xb8aed67def06e22040c275e9af02d3172a7433a3167b2812fc598045e8fb3d83,0x832C28E876BdB99147c44CD306bffeeA816C98c1,0xB906b79f5435c3a6C8cAaABbcE030A53d2b66E71
10523207,0xfcd6231fa42425e9952391db06ac981fae8840749c4745c37ab8294d54bb50e6,0x832C28E876BdB99147c44CD306bffeeA816C98c1,0xFFdFF6Cc133596Ca885d32feBB3dd020F38788e2
10523215,0x1b63aa931d011921cce23427e4e25f4d0a9631188261535f170056ac34b2f63f,0x832C28E876BdB99147c44CD306bffeeA816C98c1,0x2D09cfCfe85B2AC96a4dF197374a4E363831a106
10525784,0x6ef0fd7dec6b442a2096cb9564fc411b5a520d1afd06dd33a913fde6d2b6dfce,0xb134C95CFc957e30E8d6E9f823277b3253c6205A,0x506de77658887ab1c6CF9e9e4ddf2fBF588a246B
10542971,0x773c547a57e3e3aaa1cbe4b43d7c0e077c355ea1da2b3dd90c9dd84a847b1ca1,0xfb00e4De7c284ea70E8E253f6AFd3C2cf72aa763,0xe9e5f1CCc97871Bd48F88400E280702a43Ec1e3E
10544299,0x861db2822449b333c1f6fc762c1996665bd4d147814643b833a97b75032b9c7a,0xE272a25b3b30A6C76AB15224F24eaAEeD24AbED9,0xBa10De3369Aa9A18858c1685C774857D69fd1A34
10548994,0x95065732befcfe39c2426a1fc5242cf86ccb839681629bdde8e526768c5d87b2,0x7B624e35a0CdcdBf38a97Fc64BdA73fd285F969e,0x25F07f498f7aE36021AB078B5BD31Afa617d3597
10556202,0xf99e945849e9ddb435b100672c23c7b2649ea661a6279db49954de9e828a5d25,0x480C896bD09D0bA7d4522F9349D8e10eF36686f8,0xdded0B52b8383a5C26a90131376172043CB7763F
10556203,0xa7bc9087320bf5d73703650988ff2d0ca4a63960d9d47b7f75cba00e75245860,0x480C896bD09D0bA7d4522F9349D8e10eF36686f8,0x5a040e739e8f7652406e6BFE8dc58C313a02261A
10556205,0x913e9e7feaef5778ac6d601202eb4b406d36cc343e7fbc71baf9a6eb4420d117,0x480C896bD09D0bA7d4522F9349D8e10eF36686f8,0x50FAB7507f0e8eF2CCcad070aB868C74B4Aa1fb8
10556225,0x4cad679b97f781dc8c27ee1af1db0c79e0a7d0da9f9fc89c6d9cb4c2cb766606,0x480C896bD09D0bA7d4522F9349D8e10eF36686f8,0xCFe340A020eE2c24D310c9eFcE02143D0E62389e
10556225,0xeb5cd4728a8241adff642b45ee71c45777e2312ed8f4fca5623033a21d864ea8,0x480C896bD09D0bA7d4522F9349D8e10eF36686f8,0x358899617414665914A196d179055393f6C9D38F
10556225,0x8e38960ea4f375e3ae3196ca43bd52c7b7580eb82883a0fce0707c9dfecc0385,0x480C896bD09D0bA7d4522F9349D8e10eF36686f8,0x4c6234D11642194A555A828A6F3Bbc30dFD798Cc
10574613,0x0d1b04ac6bbc797d855ebca3eb96bf748ee9de2337e0fdceab05ea23694d96ce,0xbBcc71bBC0202947526AB477b07192Fc28e44658,0xB9fd1d508116235d31067104894cf99C1105A405
10574620,0xddeee8b917f17201d9680839d340f996449b3bdc4904c89d739c26123164f7c8,0xbBcc71bBC0202947526AB477b07192Fc28e44658,0x8659c4fD48fA4dA5f9F08fFE3e2Af0c5920e8fcE
10574629,0xdc549f337d640d552a7472abf5f377c05a0eace9fec067fb47811c29843ef774,0xbBcc71bBC0202947526AB477b07192Fc28e44658,0xA724F9A239c3E44fA3cc5468D5af37da44E5Bbb2
10574635,0x382196460b4d7582634f19679ba6179e2ac7450ca0243b09e39cc46316c7badb,0xbBcc71bBC0202947526AB477b07192Fc28e44658,0x41eda45a8b4537D6c157E6E12e495cb406BAAC62
10574647,0xdae89b6d944946540a903b01c5339fe5ed8b9e8f05205d2ed8d9f1050556bd36,0xbBcc71bBC0202947526AB477b07192Fc28e44658,0x17C58F3fAb90B4A174a2d9CACDa36dc5D9FCd8C4
10574668,0xb82324394631f8fa9974c41ec01fd0d4b26578118831a0aef05b1876f788c213,0xbBcc71bBC0202947526AB477b07192Fc28e44658,0xD003c7b2aB9b6394C643F45A39c6DAf3098CE583
10574675,0xcab663a67d709106114ef51980bfe32d56760803a273992638f5e2352b905db4,0xbBcc71bBC0202947526AB477b07192Fc28e44658,0x8b358f5b5Ec679d27352D7c87Cd88A668F1017C6
10574683,0x8bc3b40697dee4c5f8aaa42d662d6485ef489e797c7eb6429178305e21a57d93,0xbBcc71bBC0202947526AB477b07192Fc28e44658,0xb4C3f2d740f7Ad6b5D7C52C2A998369776307e39
10574702,0x9e4c22393686f20bf4cd1d4a8365d307428542f89a182746ff6d1cc5ec1893b0,0xbBcc71bBC0202947526AB477b07192Fc28e44658,0x53d04eB73BE3C1E9e2C215Ef14a40f2a411E0f0D
10574708,0xcb134577312cbadeb3ec54bcee688674e8d74f09fcbaa1281da143b1c7751e1c,0xbBcc71bBC0202947526AB477b07192Fc28e44658,0xde8A595Fd3716F18Bef8e21de7390D81E5faB593
10578850,0x214a3fa076e9755538fdea054865fa708124e218b3ffedc9103960f7966460c7,0xAf5C8d50C671e1a03e69E76B2be70bEA2a3e36eE,0x729B8ad64A8B663EA2a8b4f79614E4E81Feef4C7
10586540,0xe6e2ddb9ee67d8bda3d3f195b5015556c17a84d7916af444580754f368e6f3e4,0xB96ABc18D24EeDa781F83Be55ED737056965944B,0x82B2D9F90bFc29AEE7323bb370B0090A00248ea5
10633987,0x17e7255baeb9850d7524f0b8e82090bfd6c3b144b2f4bc48dba498e8b2360514,0x2E5da4A60a298E9A9af2920EeA4530E2AB1e5681,0xa702744D65f5b2AccD9D9623Db28215316292088
10637614,0x710238673330659abb90b5b953873cf86570ad6f4655fd0587f8f2464fb2af9f,0x50072AA47D80A291B57607AA3f458007a41312D4,0x09e8F1B2fCBBF4026783E368a8ACbE91972f9FCc
10679562,0x699bd4fb041ed91f586ddf9d4c19ee44ff6e8a018f4ff855c9e36a0cbf1d0fea,0xf9c2585CD262dAb6Cc821c9c323e51Cb7f424280,0x213e9991b2f4f577659Cdc0e9e38dDB5D7A22A31
10679562,0x942e415bdcaceef5488ddffe0e7b21dc167793052ab28a295ddd7efd9b04d827,0xf9c2585CD262dAb6Cc821c9c323e51Cb7f424280,0x2A844948Ef097935F884E5CB4d290d21aB0F270a
10679562,0x442c91b43e91403c7dcd8795786dc9154d77428599c7b53972c3fdde643d67c8,0xf9c2585CD262dAb6Cc821c9c323e51Cb7f424280,0x14C3539699e239762dBE74D0f01a2c12956B7bEf
10679564,0xeaefef0df0ff44e1d286cc180ec9356bc6881c117a89ed903133aaa05ba7acc6,0xf9c2585CD262dAb6Cc821c9c323e51Cb7f424280,0x7273164b64Cc81444272a9C458121B21D64317F1
10679569,0x29033358526914c2cd4e178635ff5b65a8e92a22536942f0b7114e6955e7a175,0xf9c2585CD262dAb6Cc821c9c323e51Cb7f424280,0x288227D9164ff2bB1DE4fEE0B4d74DE5C45998ea
10679571,0xccc971968e1dc3b3027190e4729ec1b509f24d3217211bd8e8de9c2eace8a2ce,0xf9c2585CD262dAb6Cc821c9c323e51Cb7f424280,0x4F446941AB942A991cD739836923a06260326E58
10679571,0xe2bd7b42c07a9377069747f0fbee36f84ba738713c26cbdcfe223f02ced1f0ac,0xf9c2585CD262dAb6Cc821c9c323e51Cb7f424280,0x237ab98ad269C323dF160141663daE0DE2AbcE04
10679571,0xe9693fb690c7a889ae495a9fa4480e5434286c7288b63f5aa0f66be9776245a8,0xf9c2585CD262dAb6Cc821c9c323e51Cb7f424280,0x82C0dC9E819da219edD55A9601BBE43fBB5d4F4D
10681466,0x63b9b7ab440351eb969fd88c430c1709fdedb0b2b8b3c5e3cdf6d6fbbd9bab3a,0xe4209e4ff1Ca66A2343224dca0d4942e32ae673b,0x1dcAA72144F34B56740bE5196228C4ff3572102d
10683561,0xea47702c395c653e6f649822a9e05c6a90101f692e88c151edc5e83dc5806d2b,0x0Dbd32249bD66F6455a0bf3BF4cd8aaeaD866ad9,0xE38C97D6fDf26c703E7BD10e54B6deFE6fc7ECBc
10684086,0x657ec3147cd03f501364d9f481ef7fcf24680443376d0b078cf5cd3fc5ffd4d4,0x522Bfe4e9182e1689DC06A2C0A767196038aE897,0xCFaE814908D375c5C47D648657Ba0CECef6D1d14
10684105,0x21b8990ca9b917dae3c28d57c12c6fdadaef834a1bd4fc2c917f739e914e3b75,0x0Dbd32249bD66F6455a0bf3BF4cd8aaeaD866ad9,0x365E20D586E17DC41f6aaC62Bf237f3C9403bE2a
10685284,0xa87bbdcd59d49543e5cc4feda20f84e7486c02a42d7f58ca7d382da37d14c157,0xB96ABc18D24EeDa781F83Be55ED737056965944B,0x8948365Df49192F68904CC5Cf9849a3577E09e62
10691405,0xebd60250d431426de2641e2a0dfc5cfa602ad51cf9e90429e2baf993beda7d04,0x3dD48AD861F0B77D1312F9C95A13e52871Ca95e0,0xd3Aa5B2fADc103327aDEeB2fb89C02e3209eae59
10692480,0x2460e8b2c3a64734efcb5dc01c1b7af234fdcc22f8e978d6c760a244774599a8,0xd1E0689898258399002aFB71390dA091A4adbD5f,0x021620e56E9B1d706c8e36807413F022F5DD5c31
10692716,0xcb37219584fa2f6fe94a7212d0b88a74bee253fa06991bd372777988488a1510,0x50eEe8a33E8000196f2876928b47130537c5A6b7,0xd0342D3c55328E0EF8e97Dd8aA1c07f4003b0155
10706745,0xee0403e6f5ab0ba064f75bf4a1bd18c29ebac7263be671e0eee6bb77685476de,0x297946c26171008BA8c0e5642814b5Fe6b842Ab7,0x705583EB454272518743A1ED8448093Ce3a53701
10713061,0x900a9f800b67ee8ba242f621129142c40bc666b6fd5aae84522efac4d411252f,0x297946c26171008BA8c0e5642814b5Fe6b842Ab7,0x3b7799E7B2200503036D80A816DBB255A192F5dE
10714168,0x39c03100067846566e970da6d882c12d39896edd0afc88ecd9cfee67c6ea692d,0x3Dd37F2094903090B848eD6D20Cd94F2f7267B1C,0x9469677D2d7F2e62eAcFDeb4a8e1CD58140886fF
10718957,0x47125924fec99ee63da3ba4f3510e103878dfd90abffdf40d651b77358e95382,0xcd2140667bB567C054a1d95d1aE32Ef5874eb51F,0x8c2fd3773d8b406EDd581E257E0bb0842Cf8cEC2
10720343,0xae50f237ffe2a09a82537701191dfc55738e233cb447fb59ccb84b66f10ba603,0xcd2140667bB567C054a1d95d1aE32Ef5874eb51F,0x70eDE94dB0d4aF53759dB198B6e132183E2e04e8
10723173,0x6ad0aab7dcd09b52bd3a299597cae90be91639c2c02e3ba8f75552294029318d,0x2de1290DB2598481752d636e61C5329a8f9b3063,0xef7a312Ef2387AB9207758E0276caF6b5b69A8e2
10725382,0x9a8f8e915064dfe04116118b8a7aee879c0b9800c6f1643a9ec21b96623ceb68,0x832C28E876BdB99147c44CD306bffeeA816C98c1,0x8f27b02ddE6a982875a571f108F84657d09C1Ab1
10726581,0x55ff5d22601321cab78950cec86d9ec0cb584033801539f25ee4ed73f9512c81,0xc343f2F8833c012585d6A65786f5cD399c36Bd69,0x643e84658256C7Ad8Ab81Df2e6C5D4f687433907
10727972,0xf2724de95970bf705407db1755ccbe80760055c02e9a676d8711c271c889995e,0xF35e783Fbe86B896f9EF710C85ef4DB6d49060c5,0xaBDC1DB2F62338D9de60De74894a379D49ca703C
10729053,0xe1fe225b9a8993e8a0906cc46c54b789f7e09a7a45b65395c9309ae0862812d6,0x14559df3FBe66Cab6F893D8dD53F7BFE68DE9C65,0x0572543cf5124AffcF10C2D79F131cC54E597104
10749656,0x4f49c95c16dc0b7d717422101c6e49e6270a13e25cb2c4b9a6325cd75de476ff,0x2FE2613859934A8dfA4dD63fE400a1728E877fe2,0xabE8f195E8F0Dc1B8D55803e176e1bf9d0a649bb
10752715,0x96b094ea2abe10bd8f51dbeb31a65d2d9213e51e6dc20b6629e3ce6938ebd82f,0xB3E3bc8A4a90FeD75D641983cC49F682fbe0fAA6,0x4e32a359a47D5B9bb4315e60e814E53A9C9E4aDa
10762844,0x6eea11b38b0ba87d25e5636ee204079d4f3c40c642a4541c3866dedb7da37fa6,0xF35e783Fbe86B896f9EF710C85ef4DB6d49060c5,0xda7010C4E0Cb3A83305c13aa5341A36b508a5409
10781195,0x81a2f16f4186a50402e63959029d08207eb34c7afc3b508b8d69a08d5f183ff3,0x3C61D5Ed25EA484a6Eb018ec1Dd26332be78aE43,0xc30f30C70aBD02F3D1c7BF998cdaBf4EA197f6bA
10794646,0xf5fadb4eeb43d5294ffa9c7ca2d181d6a31e6e7ff46a1d12ccbc66fc67d7b46c,0x68F593572402632C724bc2d2fCa05e91541269F3,0x67aDA17E1e77D387612b663b48bC5ccb66E974a0
10799082,0x637d20aedd95e7aa014702ee92dd101494b47d11434e1c783dcf08231a3cf934,0x0cfaBB435242666B173518Dcd3B91bb3de40a92f,0x2876238E61E93BE626f095956568354B1C5d4867
10839892,0x008252fc1aa16f3a625aa95a4eefd093a4570a83881aeb92528476324376b3ed,0x54664c16c3f5D0BC33bf914bC82dA9A2275f0EA2,0x30bEdabc0aBaE46DBdcB975DCC2A8c8391102f58
10843667,0x24a38241f8d4c5b77793a7289514abb966275e4702b7948b34455d5734a59ffc,0x172beeACa3EF95Db8E5e578A158e53aaF9d7b7D3,0xCB8c92CD49c104837F2Cf661dDCf8A91C346d973
10844840,0x2fdb267674476e4334fa6c541e11d8fd5bf409feaf54ab05b6bb7eab75454656,0xe717Fd058eef7de3032d2c4b3D8CEf14CA332B23,0xa1dC69379d40f651DEcD4638E15e2711eE1073a2
10844878,0xa95b889b7dbf8d9a6ca053192d4deb00e337042c76c71ffac9c8baf672a9bf7a,0xe717Fd058eef7de3032d2c4b3D8CEf14CA332B23,0x816d17da767eB7248C2bA481C45CF626cB888bd7
10855128,0x94e03c51888417dd6e4c4378da5aa2eb8a34ddb412f0775b194bc23e5539be45,0xe717Fd058eef7de3032d2c4b3D8CEf14CA332B23,0x0090CFeE2db48c3a7D27c049A9C2E89a8D0C24a2
10855298,0x190f500cfb56ef54cd0375e94c7840279568c0b5684dfc7bfd73b4ff21f05f19,0xe717Fd058eef7de3032d2c4b3D8CEf14CA332B23,0xeA4104D23A60B69014cd586cbBd146d278A58a35
10856214,0x87ba785271aee0c708f760050cd1b8b6262c869ba750362a9a2876c96d0d29ec,0xe717Fd058eef7de3032d2c4b3D8CEf14CA332B23,0x46565064a27ed0157a8f9b2190920aEb71c4E123
10856231,0x5d85f94faeb8fb4263b79f680612a8a603df216ce523c4c502f7e41fb8d33f8f,0xe717Fd058eef7de3032d2c4b3D8CEf14CA332B23,0x4145D8fBa24b681C165181C6728ecdbD2e1302Dc
10856241,0x7279e6aaa17813e1ea152b8d20c91b98483989e42d8995cca512fff42bd425ca,0xe717Fd058eef7de3032d2c4b3D8CEf14CA332B23,0xFF47050473DB72190A8beC7317C2235D29ceE8Bc
10856243,0x4c3e15004ee8435c27c27394c22a567976a0458c5346257a17794a4958dcf151,0xe717Fd058eef7de3032d2c4b3D8CEf14CA332B23,0xefCAAd92C15060BB4e07bA6792464604FED5A3fd
10856286,0x328f0db5b8a1b401aeb63f684b94a6a4090ca42cd93dcbf50ee01a792d6ea927,0xe717Fd058eef7de3032d2c4b3D8CEf14CA332B23,0x1f07bd44E19a9D9AF25EdB590dfAf97A19d7Ecf0
10856313,0x14e0b4a7e910240c082ea11ea83cc8795f9cc1082128f355b8384d83427eaf23,0xe717Fd058eef7de3032d2c4b3D8CEf14CA332B23,0x090c814aFB663e765fdaF241cb93fdAD3e253239
10856412,0x6dd0305d5733efdec30dd877576d629abba3218ff491e312f53e36fab9aa882f,0x49Cd89d149FC0a8a73051CdCe55eB17423E698AC,0x52C4952Cf1B7C17A45a520C932e6F246e6D6a1eb
10858428,0x728da73a6cd5a56ba95c9da8de0cb1e3aa25edd02723baacb59b56761e4a2603,0x27Ed7dc7ec33C19Ee797769582fA0F2Cc086230c,0xaa731cA090AFDfC44f45027404BD3CC6770D2D2F
10859718,0x9ef5d3b384ebe869c722d76732a28109885a168a356e185bb6b0c64c8b5df63d,0x49Cd89d149FC0a8a73051CdCe55eB17423E698AC,0xCa25dF04e2affa3BF2DE850535085FBb73be7997
10859728,0x66cab2c18c1e19f53bfebfe543436a59369bfe11c706947bd594a4b9529fa326,0x49Cd89d149FC0a8a73051CdCe55eB17423E698AC,0x05A6fd5D7F1C411Cdbdc571b035bc97063C11bBf
10859736,0x9db9719368b71363363102ced02ca5d5cc65652cb1245b31275196364ff643f5,0x49Cd89d149FC0a8a73051CdCe55eB17423E698AC,0x63fE7210e30e8B1e052Aba2b60f942C98fe4e0b8
10859740,0xfd3e203cbd9d73b7208fcba5d17089b45cb51836d1e6021aac6d2fe1eb5784fb,0x49Cd89d149FC0a8a73051CdCe55eB17423E698AC,0xA665B004eabA5f255882757D16333B711D1e6fc7
10893092,0xc9bc472ffb1b0fb5334241511fa13e89489b5d254c52eb9495fde44944d2f069,0x49Cd89d149FC0a8a73051CdCe55eB17423E698AC,0xC8c412c51D2198fD6E68088402463e232A604917
10893130,0xce76ebc1cf477928a888d004b90c104aab220719057f721052471603369351f4,0x49Cd89d149FC0a8a73051CdCe55eB17423E698AC,0x0032731bf2A82b1D0684255318d11E40833Fc302
10893306,0xe79f86294eda888ead4cc03a65e950c907ba77dec7dc3109e9b1fcbd6bae9fc3,0x49Cd89d149FC0a8a73051CdCe55eB17423E698AC,0xd20bd236cFc15141eD613596A9b5aE1a2FdCe7da
10894046,0xec26b510fa6482e979149d21fe4ff997c74c7c69f2862d907643c9d4cfbcad7e,0x49Cd89d149FC0a8a73051CdCe55eB17423E698AC,0x9E1a30f1388990fDbBB669b78239bB7eB1fb2cD6
10894067,0x76d26a4506f150aa785c0aa90ccdae24da1137edd0f4b5e72b105b5001dbdb83,0x49Cd89d149FC0a8a73051CdCe55eB17423E698AC,0x7E0e69f6c9CEC92277d0Af0b0D27aA3282Ad405E
10894230,0x48f784dcf6cc95b3fc7776a7287bfc2a2ad46cbb275793ff9204d833e3c7a816,0x0A0B05e2b91bbEA1791d98EBD0e0b112dF1D0631,0x70820a7018F66E63bf9e49161976e7d2F53Fb10C
10894248,0xe8853d6dd24ea16ab80dc72b440c67f8d071dd91a72d90f36a2e18a4060153bb,0x0A0B05e2b91bbEA1791d98EBD0e0b112dF1D0631,0xD327f119627D92a30Cd3097B669a63Ebf46C7976
10894257,0xfe1720788fc7e79c1a6ddbd77f2ee105494700e072404a24d1523e9365515a36,0x0A0B05e2b91bbEA1791d98EBD0e0b112dF1D0631,0x5F743bF2305859a65dD5e5c722683a6549b54993
10894311,0x93c8cf3b133a52a124021914f2e756b016cf884064449dd5b197851918181cc2,0x0A0B05e2b91bbEA1791d98EBD0e0b112dF1D0631,0xbf20994e362392E3159e34b5c42d3ad14Fd658dd
10894938,0xa9a2dea76501261d6b1f7a68479a9a7f8d1ac5fc891121ab3b8cb2a25736b3ba,0x0A0B05e2b91bbEA1791d98EBD0e0b112dF1D0631,0x9b8460DB98bE46834245CcE808b22637ec9A1417
10895071,0x4a7e587456f9954cd2519d0ddc512f03534a03de20beb51213595f4a52a89c08,0x0A0B05e2b91bbEA1791d98EBD0e0b112dF1D0631,0xE69cE74eaebeDb4C1f60f8e27f6cBA549E2a30F9
10895082,0xa111b8a64519657510263838d83944ff01019a08b358ec8722417c7d33fc8795,0x0A0B05e2b91bbEA1791d98EBD0e0b112dF1D0631,0x86C7599742f7dD33e89a3152dd42511eFD60F107
10895640,0xa4d6df714ab62fd63ccddaf124518c02717f2d612bf47a4832c507e0f5ed83ba,0x2Debdf4427CcBcfDbC7f29D63964499a0ec184F6,0x8D0b22893E6a2620c2E021CD56A8CF1113c6D492
10900194,0xc6586e4050818afac74411089eff1be3e37ecf15a4450785e419356ce58d3fd2,0x0A0B05e2b91bbEA1791d98EBD0e0b112dF1D0631,0xa04f861eeA03595341ea4D0f94b6f19bA2013C93
10900596,0x4c37ea1d1635e90ad36d2f93268d8ed0285bc8d8b70ea5754d44089d3dda6a74,0x8336033b03dFc97406cd936aABE65946491F0820,0x9000C89bD770c09e0794997b56b427f179263003
10901564,0xecafbf73810be63b0accb1ebc27d75120b04a531351b27dffbb2995cacdef9f0,0x0A0B05e2b91bbEA1791d98EBD0e0b112dF1D0631,0x3096d77632694329495482fA79C627CafC09aD46
10904614,0xf20531bfef2f8eadf88a018bbbff47d79f25ec00ca338098ab55d40229271103,0x283B7FAbfE6f8d41Dca3A2B63255261998bA4D13,0x693ae5bC00443E6c89c70aaf719385cb6d2f63ec
10906034,0x3e0907efdfaa699aa1467d8ef5293690ce80591928f933e7ccca2c2a064e804e,0x05Ed0f92f802fBdFd567c723f22B0E266F14072b,0x2D4Ba5e6A8C509553492f620a56AB1ef72c68f94
10913720,0x8d4aadec2eacf51b078472dfe13eef2f96d624800973ed633911427c445a8d16,0xEC46DD165eE2D4aF460a9c3d01B5A4C9516C9c3F,0xB5AD70baf7ef56c30e10669CCd639C13867b82F6
10943985,0xe0f364ec248b0553fe2dfefdc2c99d859737b54dcf25b93d1423e3ee646f7d22,0x0Fa74724BD26B8C37424a95dD95F915DDBC9B2AD,0xD042b007191085c7854E013d62f223D82F426443
10943987,0xac3973b59d3a1b319bb21610fbfaa1e531f9ae54218f64f77e0048cae25bce5d,0x0Fa74724BD26B8C37424a95dD95F915DDBC9B2AD,0xBf7Ded97923f314D3d1Cb09E667A11EeD782AED3
10943989,0x452aa392e3bf641fad4faf665d998d544927f46ca420137533bf259e827fc09c,0x0Fa74724BD26B8C37424a95dD95F915DDBC9B2AD,0x12828E59f56cB6C7eDfaA9e4739f1eb74BD1E6da
10958233,0xb0879f3b2f988b889f075e8b5292169753628aaaede49d698a1addebfd044690,0x13E1E72A57E58b710F60d801268C572e4283b551,0xB680E92152BAc49FEAB7FcAe8e751cC8DeC50072
10958307,0x43439425d20d02d24fc5adb0f1adfcf91466d6deb18f8c5199016e14375d4098,0x13E1E72A57E58b710F60d801268C572e4283b551,0x95f01FB3246FA24242F5d2Ed9786291aFAF88215
10965052,0xb6f09f2d9996e13c7ec5da7af9b01e810f5d0e8fceebb379daab4500e542760f,0x0c144fd6D9873BC436F798C9169530B500b14d2c,0xBAeF5259533D78E56D9A8CB6534a7883ECF9F6d9
10965052,0xdc1db15bbb295688b3e504cb6e77ca8cbb0cefd6a0779d2c9885d2836d68c025,0x0c144fd6D9873BC436F798C9169530B500b14d2c,0x4a2cd8c86caefD412Ac0cd3E60250C2e418eA31d
10968052,0xb013e056d09afe37752e94206c257dc82a2eb7f5b74db945e88a82529c9c017d,0x51Fee03897bebC7877E76fDC4843e0584799466a,0x67D0FDdc62E8c01678A8309B847453b69C75B77B
10970247,0xb2229a5ab7275763782c8065f1ec4a2814e2a4c2d5f17579aa032c0a980652ae,0xF296C50bFcBFc00f58A7D3DB248175F2155FBf77,0x3a860a9b21A82C9227eD0e8E9Ea4AcAB919B63B0
10991005,0xafa760c278100d3561bc33faa683963c3d2b71aa2d747176b31b88fb42b9fa54,0x13E1E72A57E58b710F60d801268C572e4283b551,0xEdfEc2B244BB4fdD086c379E5010a1825458B6e0
10998255,0x5a03d0035f515e928dc27ed735896cf18ee411590e6b9129ad7999aa4ff6f66f,0x63bC3613c0A4Ac5A71A06F35D393d03C1Beb9b16,0x696B2BBFa23dA9344102257A6Eb112d6a7DC5c44
11009148,0x80a5aeb1d7634cd07937e9fed42478609363ebff0e5ccfaa3b0b23e3dd0df2b3,0xadd5333B5922CeD2563Ad634Ffcc3e2f8704A0FC,0xf5b6A416e2bD3719Df3fB5C4610462BB719bD607
11011341,0x43add549a8290018065ba1df2c96756dd6d45053a098e6f88cf84e49f1203ec7,0x1d53f08a4c05104763A65f2F8189D1cF29070008,0x9f17E8c8f1641D227B9651B4376c15f357368985
11012539,0x609a20ea694c57e724718faae80e89a7abb9587d6b274b08ae3784d04283d569,0x00f30ccc812F8bcFc30c3C7a927e41dFe0865a92,0xfeb947e439Ca9E1fe4Df8307c2281E23a1407b65
11022711,0x3406552f84cc0c29c986a17029355c2e6896c0055e0ac65d477d846576b5cd5a,0x6CDa3e90A649396039feaE724413aa523fE569DC,0x4bA7A70c09770530FD47aA2A2a7C714Da1b7f681
11023687,0x51d314b07ee1501c7bac708ea1fa6eae03fa166451462a541d666d2070edca54,0x6CDa3e90A649396039feaE724413aa523fE569DC,0xb932D6B71a203EcC48F25F6ee10811C65bB824a5
11023715,0x4b0965ca094396699970bf5ebf3068db3ac8c9a0930a6c41fa432831610fb2d5,0x6CDa3e90A649396039feaE724413aa523fE569DC,0x404699335C1cf75eE23284494d14365609c7989E
11023732,0x2e32bee19b5768a3b8a0f2ad264c46c8db74a2fb781f351fef2ca0346fe1b09b,0x6CDa3e90A649396039feaE724413aa523fE569DC,0xF0dd7A81eC003760f507E78B1731f50A06D65137
11023759,0x0e14dd959503874332d3d2ae6276007b7841217fac66c0cbcd9265368d781f47,0x6CDa3e90A649396039feaE724413aa523fE569DC,0x5Adc89Bdb88eea2D29f37556712BBc861F6cAC58
11023771,0x7824b707640e4478ef992417820bcfa403b164ff8bceb925330533edc179f341,0x6CDa3e90A649396039feaE724413aa523fE569DC,0x0BFd818E9Fa7FA0EB27966f358784615fdb6bbE4
11023784,0x5a140d1fd940accdc56e3043991f4aaed5f526696acbe5ee2c0b4d97236af639,0x6CDa3e90A649396039feaE724413aa523fE569DC,0x51AdAAcb8AD1d4c33584567E3aB50AfdC0022e36
11041631,0x3067ccd4bb380a868a6257a99c45276b32bf57850847e20ed297058cee26d31e,0xeA11AB8F9F0E22B62516516F3Db9B1ca62CC1fAb,0x1A1f582dFd8d5496EC0d823681ddb84C999C01D9
11042469,0x770657564ab04bf17436b1298bc3fede70ae75e1d292b9aff2f0eb359d5eab1b,0x5BcE0aE4c0615B1f9bd456DF305fB23d159F0Dd6,0x0D4DDf8a6734C1a3ff83b4fCD24487dB1DE753cd
11042500,0x964b9976a3d8695a22f0d40efc7e2a6c6210ee9f97a1ec4359d94d9837484a9f,0x79ECed1Aa7b05c5Eb45fF8357863Cabfbb86B6A1,0x2C06be7B73851Bd6DbF56FF6e271AB2C9478f264
11042610,0x74483f131041ef2aa5d29f0af98dfc7d4d1e65eeb2041e2adb06947059fb0c7b,0x6CDa3e90A649396039feaE724413aa523fE569DC,0x2f11072c0906451335c2846820240C4E06fc2f53
11042615,0x07214b010e79faf9676185d88b4caf8d8b1ee4fda84f577eff6e141bd161a55a,0x6CDa3e90A649396039feaE724413aa523fE569DC,0x8652941682a2Cf14440F384498727dB12eB0a6E2
11042628,0xdb307f246c14952ac46ffed2ff9431fd71b59502e206f03aad7b4fd856ad70be,0x6CDa3e90A649396039feaE724413aa523fE569DC,0xd8CA58f4e3A8cAF93E637722FB7c72538455885B
11042633,0x8bc4e51a61ceae93e99e2e4ddb7c1a5a82f661539265c0c3896b2d92092d9bdb,0x6CDa3e90A649396039feaE724413aa523fE569DC,0x1A97d67e43E544277cD903a8CA5587C7b6f46645
11042642,0x1bb05cd6a901b5a0a3a8aba1fb735138f4c2c597ae888b8375c5cc07ea04085f,0x6CDa3e90A649396039feaE724413aa523fE569DC,0x57E2BefF1Ada38F03A9BE45d6a5b228c7ddAeE46
11042651,0xd825ee93413c33cb2c9f23a8ab47215e3826b476084eb2a45b66bfaa28dc45f1,0x6CDa3e90A649396039feaE724413aa523fE569DC,0x8aA54367772247b36Fd4A70F8D50900B16c49A6f
11042654,0x16a73615dba03527ac0bdce5aea3d4a6b2ed150980df4457b4eef3ffc71f2015,0x6CDa3e90A649396039feaE724413aa523fE569DC,0x6Ad3D590F39A4bc995b278A2374A1e4854EdFfDE
11042660,0xccbdc5cf99fc60c5bc7278517492d3600bda989b73b5f1c6a259d4a8ba0ce018,0x6CDa3e90A649396039feaE724413aa523fE569DC,0xFCEBf4aE243F3714E1423025add56DDDe03022db
11042668,0x909fde6bc4e8e7c876419965911e2a21bc375fd396d87bf61cefe7cda9c3a0ce,0x6CDa3e90A649396039feaE724413aa523fE569DC,0xBC0a25B8d5d19552E0482E36B97413f46e7F5f92
11042675,0x8a377d161b8dfa8a749df9a9b474232f0269741ec2c38b6c7ae81af3f74f36f4,0x6CDa3e90A649396039feaE724413aa523fE569DC,0xcAD59b41E638749507d1a118b4920cB1884ED86B
11042684,0x54b8410339eed385b050df7e8062bf15bb988e527f3d2816229b35d4e2b106ed,0x6CDa3e90A649396039feaE724413aa523fE569DC,0x7BE38BF80c9B5FA834BF46B95Fe9b94084E4b8Ad
11042696,0x55fec0dcbe6abe45d5c7a8a0feb2c06957a00d15b71a3ae3a66a964f222bbc0e,0x6CDa3e90A649396039feaE724413aa523fE569DC,0x27CF00115FD6054c8514696888016ecaF378b01a
11042705,0x2f3e9cc196802bc9d723475e0529a3d4a08be32195785220ebcf43d6097bf4c2,0x6CDa3e90A649396039feaE724413aa523fE569DC,0xd9d37409ccab921Aed34d67b7e96B133c6e5C577
11049011,0x7f71713991f5b37efbb93ca1bbefa7102f14a216f3392b23b8633bd2e0c7b875,0x7B5f9Bc6A27F1F120923a177DcE718b2501F3f5E,0xd6f94511c6242A79250F3E629e2c82124F97ba13
11049028,0x635b6c3132a0efcedd617b9035bf1c64ddf5b4a5caec34b0b9389e3e0b0dc39e,0xA5704aC5bed7C6eFC41a9Cd9B28D6535822b7B74,0xa368A51527A0106b9cDb33e544a2A0Cc5a2658e9
11051925,0x470df502d8a5fc57d592c257855390a5a32a887d652dd21c7ba2d876878e06d5,0x6453c9e23e9Af3358c3Ca9CC5622c99B9569d5a0,0x18FC6607c1Af5318a512d3756cd8a08aF4B28f66
11059124,0xa473d432123d2d83b677ab0faeba68a0e66b08427f2ae48304d5bc598ce5f360,0xfF3e03B7dA063D049970C26Db009FDCb761fA910,0x856fd66d3131fEF2790ddBDF669192344b35b9Cb
11061059,0xb33553e09624245651300ac960aa7d43880c66f08b417c29310ccbcc6b29c892,0x99030cf7157C3DBc88520B2FC7238D0f98316cF7,0x65F6C6BC6c5C172386a1be2650376DAdfac14Eda
11061071,0x2820cac4ebebdba1c130e3e2cdad5d1deb100b9dd7aaac5ccd9ee178b537e2ca,0x99030cf7157C3DBc88520B2FC7238D0f98316cF7,0xAE7D2137392C0a0F9099FC05EF5512FB54F5841e
11061076,0x21bdcd4f242f58293d782a4674117457e3de26701544835a7b1b7b53888e2d87,0x99030cf7157C3DBc88520B2FC7238D0f98316cF7,0x10dE8cDDE55b844B3aC302BA85FcA3Fecbc5df54
11074280,0x02d12e1d5cf407eadb1bf7a8b1a7faade72ad4391675264f8617b91368a953d6,0xFBF74D28C43844e357fC086957FeB0352bA73eEf,0x4f064A8730fB5801441b25773589c0C3188460F0
11074287,0x544c5a111813f56b14012f79441962910b52ef98516072ae9d36326cfb0fc557,0xFBF74D28C43844e357fC086957FeB0352bA73eEf,0x4b35eF05cFD452c85777f025c11908F956cF5f07
11074372,0x417164b29158eb5f2a03cab5a76dc16eedb67bf693f41d33e1849289c4225c5d,0x0451E3572074DD416e7Cc03Bb0CeAae6a854f4DE,0x5b425aBf1a4A6d690dE03EDA499212B428F97A47
11074383,0x0fb0e067e9a9d3c32daf60301b318c2221c3c2fc3161f3f841a75cce687e418c,0x0451E3572074DD416e7Cc03Bb0CeAae6a854f4DE,0xeA9a55D7964bbA0c6Cc50bA76045a5cAdd9F2db2
11074423,0xf2851876969079fc6e48ab9191b625f10c8616a21560fdedb268c4d5224eddeb,0x0451E3572074DD416e7Cc03Bb0CeAae6a854f4DE,0xB2EBbE99e80Db1921412CC62671934999271FA5c
11079560,0x4518642d2e2d3b57a7b29bb7ba7cd7341a3774dcd8076f6faadd09a711372fde,0xd9B4b4Fd6A3F5d51bF23b89f8325d4e864ab073C,0x30E5cF27f24a6Ff38DF7E258d5AE61cFAb2FCEbf
11081310,0xcfc6f49d2958dce941a9e8aba276d7a2a9b710a45791d72dbd70a021bc046c1b,0x13E1E72A57E58b710F60d801268C572e4283b551,0x6a53A77C24CA2eec7531127fb023a532c299d90E
11081319,0x2d184a46abf05d4e6422d36b80c0798846b4f486f3e309755d3956ff163aef42,0x13E1E72A57E58b710F60d801268C572e4283b551,0xAa134A85c6653c80442F35690685067DC3D0a2f2
11081326,0xaa5e5e5f8b3c14b7d417512a57f3578532182a0e93d43a1479c2bafa71456ae7,0x13E1E72A57E58b710F60d801268C572e4283b551,0x5fCF95d7C6957EE444485F5aAA0dAf8f25A3EB34
11081347,0xf40b761900bd905a105a193ea2352631920d7d03b3b21a4ec6fc233f60359c63,0x13E1E72A57E58b710F60d801268C572e4283b551,0x48affB9855bc06B33f4D42AB7793b006d9e0573f
11081357,0x1034075a51a9bb32fc1b729a2626d8fdd2f4ce45d9201c9f8ef2c1ba2204e2d3,0x13E1E72A57E58b710F60d801268C572e4283b551,0x8397Aa468a86B00DA524d1F2DD493dA86302E68c
11081366,0x0539e8d58d42d0b3532301ebf2aeabb6ace27a7582356725739c988bc4b9a3be,0x13E1E72A57E58b710F60d801268C572e4283b551,0xCc4786E4d23Ebd3A7BC8DA52a96826384274b9Ba
11081371,0x6d3c7eab118ba9c07bbb19881a6eb72a7262260aef0b65ad2c62f3e90d5d917a,0x13E1E72A57E58b710F60d801268C572e4283b551,0xa75ea833A3601Da6F90a1ee9151Ea46A278C39Cb
11082907,0x6dfb62d6a0f11e5df74f6b45f363ad66185c83742760c4caf86f7a29076c3a6f,0x98dA69C080A3B34e248836031666B1dceB3861C6,0xc53834a86Cd3aB72AF7e6296a2Ec971B750b6F2B
11083064,0x6433d16e8acf608960e9d900f9d537ba7ed03426b9beb1a4848c78cef7e9bf32,0x13E1E72A57E58b710F60d801268C572e4283b551,0x83051adEFF1f7Af68EF7F0314252c85044581dbb
11086390,0xc536b4b7276720db75c24f3f29afc6daa95b41ba96f10f00b8c375aa45e732bc,0xe646391021E6B2ba5d6Fd2A961E81168D763F909,0x6156071257d1F5FE93158474066B487f16c5Db80
11087941,0x672b576c01ffb2ca4bdc0e5ea72e86de95c9733dc4d4ede9707deaec0f1fa89f,0xd109d4FC58258895EafcFf62471Bbf48C6362C99,0x7518BC9bBf26ade31506b7B379fa8037033a9B7d
11089813,0xc34741d48c475a5d5d2bcfda228e2d6f6732a2660f92ba58b183cb7ce7bcbb72,0xFa89f8d4Eed23FFfa30300088d5F90FBEe5aeD77,0xfe25D7985D5C42014c320040CA23f0C439Fd86D3
11110527,0x0a6187356a28ee1af204919298fd52ad2dc13a7769c81da49b63609e1b098e67,0xe87BB1D31e8b69A51ef38b5E73dFF2eFC32Fd309,0x35C44c9D9b42047A28D6872208348159715A2DE5
11110527,0x7af9ab508815c769a0d02f128ff4e0128748a565a911d6174dbf676010a53194,0xe87BB1D31e8b69A51ef38b5E73dFF2eFC32Fd309,0xf31f5Da5f43EF34eA0eC441EC6c1a3cfA21de89f
11110527,0x803869a88d81d753f14e34d928a65104ff373626c64bf6a3f974163c1e525054,0xe87BB1D31e8b69A51ef38b5E73dFF2eFC32Fd309,0x24B29A591a388FcC82780A6E2ee69675E454ae95
11110527,0xc087a80e0b23e3ad0dbcdba4a0b542356cb227fc8a7b0d411ab28c5b0e75f7bb,0xe87BB1D31e8b69A51ef38b5E73dFF2eFC32Fd309,0x3eA1Ae19051e09afC71851C7f120208eaB997064
11110527,0x98d97a54decf63851409ddbf06348c34ce4923da243a761e5dad6914c45d00a2,0xe87BB1D31e8b69A51ef38b5E73dFF2eFC32Fd309,0x8dAf4E63e3331b8e58E48E4Dd8090060E4abB90C
11147123,0x88ccb2b4889c586170aefba20bf2323af8b9afa29010722eb078fde72fdf9ed1,0x3c587EBCf465fc532166Ce850102D36593D773c0,0xa0F83059e41891A5648465C7123e0c4cf082dC8A
11183441,0x4f0863404ef52fa388749315e95c893a120787370e3e78cf457931fd56664aae,0x510b10184853D3999Ab01CBCE24EEBf4E406829A,0x92E337c9d4829378B74010bA11A3C8F26Dc52FD1
11185217,0x161b4acc2805fa77ee429c4ff02633aea002a62cb5bac17e7595e21e945e06cb,0xbCE3e29641b2083716E023F0bB56635d3062C8c3,0xa16Fef7B55Cc5fBD200D365E5c61A0E83772208d
11185217,0xd41662ad4bc1116e63ef602fab786879d1efd6f519d268d173ac3476cd00ca2f,0xbCE3e29641b2083716E023F0bB56635d3062C8c3,0x4BCa1C45b57dE215Ec652F150294758a846e6219
11185217,0x0153295b04becf088d40d80b288cd423da3f69f5cc106f136facd66ff3646e40,0xbCE3e29641b2083716E023F0bB56635d3062C8c3,0x9D0aafB0298d1A60eb07a2aC8d75258D59d3c304
11211178,0x85e2032f7fbc9274aa4465e8ef752f3d02da7220a4019bd7470a6cd1ff16e34c,0x10074C3C861cEc3799E699aD4fbff4158924720b,0x294d2FB03363622C31850ba52C939078A7e513c7
11217131,0x75a648931b04afa4b0bb8fd82c16435a8554d7454811d805cd513cf7a51f1f92,0x10074C3C861cEc3799E699aD4fbff4158924720b,0x98B079D507C9621110e39418D599024D9235aa81
11217146,0x3b8d91fc18dd662a57f7aea9253ea0284ff629e5d1c73a6565de1aec44dd562f,0x10074C3C861cEc3799E699aD4fbff4158924720b,0xc43FE2093F1b1d09A24c5B2aBc9E3f64F2A5f05f
11222772,0xeb7f9dacf5fa14b3546e2eab2488db3bd512184830038e11f029283f7b543259,0xe4E146B145cfC048BAd53ef0e7dFfe2D6e6bbc0c,0x3D74a5c277087aC532558626401fCf1EE448330F
11244423,0xd6392b6530051d3544178edbef27dcf9f96da02841d092e5da4b0960820185ba,0xd25E6eB12904D55F889f27Fda234FD4b659046Cc,0xC649360A718B93DEBc77f04c40308bBD13a0B567
11246636,0x932fbbc9ce77d2310b4f45bd6c1736df8481d0422b16dac5a82de43b1bf479f1,0xf41fEaa9d4544b80b2806a981f82C679589E75Ae,0xB6Cc451ee667c97C3f56Bb69a7842364De17F317
11257335,0xba5d9fc084d9db8ada0a73fcbe978d4e6474d4342581f904768d1e2424b06fca,0x8c2B7906c6be41294ef842596a275A7a7DB6DaE9,0xe82ca93feF50290e638B72132418EC6e075d205b
11264099,0xdb45e2e1b6d7944f9096df0124a937c8463f577cdc14fc4784ac02451d194f4d,0xE74Cf79c4543183A8c665Fee5e7c72Bf9Ed3A1CE,0xa5d48e887c2020d16A709fAdF03d76D7a947530b
11264129,0x4e78c330b14bef7de2d53e04ba97a0d4c83a9e8f71aa8e6cfe0d18df864e6ad9,0x2885000d88Ef5Fd7Ba1C730a4eDDC5f7d8beE0fB,0x081B23B482F1A7a715122C6b4c374C7bE934BF98
11264135,0xfea8b6ee687204f1dfa41ef76c546f96b96a34e4c9c96a44cd2743e149672ca0,0x9deb7be41C26f60EbdD13Eddb2d2831b9D73ABF8,0x499A714c731690F818D98533cbCe6f8f2f5f7d4F
11264138,0xdaba8a124c4cfdb277015d3567b6d22c7839e82fbe1baf6fb2b6b99241b7ff68,0x62Ad0fF96ab022D2F8f44Cd51e1A8e911ca8e50C,0xE289301d115A508B595b814A04D3739c6493D55b
11264144,0xe77b4e9f2cebf68d4ba62b81d613965ab3fdd9f0e78d6f326f63aab9ae207b06,0x6c7261419dba0a2Aa6279A864380E8cBF46209D7,0xCdB6aefcf0f6B7824C51C305f8EA5033b184972E
11264160,0x77bcfb81dfc346ec665e3bfffd25a2d52ebaee8906203adf9fcecfeaf69168e8,0x8427f41E75EB5496CC24713a871d2E892Ef8669C,0x30AD025A617eFdA9B49E2Ceac371Ced2B313FD0a
11265074,0x51f542bd90e4c774e25aee1846f2cf4192a8fd9de36cafea822f168a491030c9,0x297946c26171008BA8c0e5642814b5Fe6b842Ab7,0x1d84020fb9F1b995697526563a59e1C69AB3CB53
11266185,0x4e2f9095458d1e619f7d1f5bbe12b9f7dc67bd2e16b96bab796bb058faf78e7e,0xc84C19Bbf07d0CB7CC430fC3C51173c4ACD5dD9D,0x7e0f75f05627eFb2a2617e971b0283A24e704b52
11270535,0x9a78b0ba30c5559c72e09853af6d3b58543c0cc8dfe60fe2a68d3825c518e5c1,0xc3eC6F9FFC9634Ec19711511f3bCd27a67D8112e,0xC63129D354680391840Cc2B9BFA23fad2A8F79f7
11273531,0xd778fc49d707f1414ba25214112bcc8031746d4e923d52e168375372ffbed411,0xf91a1142D9E4910FB5e6Ea3B965440A1dcEf12FE,0x1D337cD5b7C163624bb23cEa55F44b13641E18c6
11294174,0xf537c9b0902746cad245a890289e6e5c319abe2d8148d9da3d534a09c16a78c1,0x6cD39081750d8736C61bC9f1d2fb31a9E8eFab10,0xDC76cD9D0C24D24d7B57b3B4a4616D0931B85020
11312964,0x3b33c6027489f7aa30a9451bc30aff8f2548ff09e5135dd03140d036742ae4a0,0x619F2aeB9Ec09Ae764933eC50107DC32b9FdeEe6,0x95ba5691a9150d610a958804de6AE1a51c7d3428
11313025,0xc37c199d9911a6174746bdcd29d6b5e9f8c8117a6ed0f9a5781f987c2c65461a,0x619F2aeB9Ec09Ae764933eC50107DC32b9FdeEe6,0x4794bB6817Ec93626C10084E8BdFB091963E880f
11316822,0x7b123bb49a927368d22a2d35728e1d16cba8819304a96cd9ecb6a1716f99d330,0xB8Bd8f4c420ada4D999F2619503d5aaa139eD7C2,0x7fDf08fB1b4463a809336cF544DC4F63a090Ca69
11316828,0xd104ae04e19ee4c0f12b14c3a1a8dcc1b5105c0bb82e144a4b0a918bb01cd259,0xB8Bd8f4c420ada4D999F2619503d5aaa139eD7C2,0x775a5AEC035D2F2F84d1bfc6569d9D47A5f1b018
11316832,0x077e01de3cef168b99a64837c11044d5978858408d1efa7ca4d6cf9ac72414d8,0xB8Bd8f4c420ada4D999F2619503d5aaa139eD7C2,0x756eDfC14C52546FE28BC69C99d1bbE4fF44504D
11316834,0x105e47df8360625c6afc2d7f95358ffee578b0819b72903e0974ba71f01e0762,0xB8Bd8f4c420ada4D999F2619503d5aaa139eD7C2,0x3Ed0BA6b7da8B1d330E1a59c22F60E0307908291
11355932,0x5f113efc733b3ff4332f8b80a962b56dc4c7cd40c598463f1068aa3ff34305b5,0xab292A0b800865AF489faB8Eb55306E3Df83575F,0x851FC1Cb066f528AaFdeA0C11f58219422540473
11365279,0x535fb7a8bf2791aefc653cd74ca9f24c610b5d6955a6e02269efbd3bfd63d626,0x68F593572402632C724bc2d2fCa05e91541269F3,0xa408B483b69595a9E3f3D11BC00895153A46602B
11381296,0x31126f81c63f7f0c9f8c8487b7b397481b05ae6362bdff1f50023feab52f8104,0x2a1079d049330eAA79F3d7f0Afb31BdEF8f271Ba,0x00f408625c3E2DC56E348F99f4C741c4702137b5
11381360,0xb8d56cb207fc7a3f10dbc7765dec4dcfa6c9367f35123fdd438a958f60bb3760,0xf230Eb79bd917825C66df994a49d01e2B0789807,0x5cBC75FDCede18DF80F8a114cC0D5DBCFFec3C36
11389917,0xb65f7eec4ec54101441a606bfd624473394b2849599d2deb1b17c5037d70c46c,0x8DEa9139b0E84d5CC2933072F5bA43c2b043F6DB,0x6874124CAd6AB76C1066293E3efec662a462A1C1
11399647,0x33f379d086d2e1b9b2ef9717e6ac782c61f6246360e2f9afb15efd9e4c7a8239,0x63815b3E4B7d0296ebBB6f144A6895fCD72636B1,0x07524A01Dbc66D1b05c9F8c1110c2161c207CD4c
11400272,0x90ad7212c81fa64036f4d1e9f604a4214a8c16fd878dd8f2f150848fa4e78ae7,0x31Cf1297F0CeAeFef7325a24Dd2b22Fcd0AA0299,0x091545C041bce45882d85c7C2f86F6daAD03745E
11424847,0xfd993f354bfb2e675f685e5b16008e00b995940090d8ab6a1aaf32d56380cfcc,0x2fB733C3239A1E807d380FA0845B9101ee54c693,0xdcD8c28A26220D1786250B86405C9F4Fb65db2e8
11424858,0x50db9ea9e2769d1393f0b4694a5f20c6490ad4a1884b77f074d59596736801de,0x2fB733C3239A1E807d380FA0845B9101ee54c693,0x36094a6cc4BB418757cA4939D56D9b70BfB7ca8D
11445142,0x037ef96f11460a61cb7d0cda59bb5edbb5884c400d5dc5a52703cbd25b9d2ff0,0x13E1E72A57E58b710F60d801268C572e4283b551,0xbA66141Ba06E0f3DCD9Db7e940240259EAa6D868
11445568,0xc98f831bef6fdeda5a1acacd4b7228d839865d4bfe25305785af75cd93d5e00c,0x31Cf1297F0CeAeFef7325a24Dd2b22Fcd0AA0299,0x3DceA7b45288d337Babb4E489256D1A8a5e8c675
11445574,0xcddb59b6763cbcdc321f192d86c8c5ec36c8c2b81aa729498e601b365fe9b4a8,0x31Cf1297F0CeAeFef7325a24Dd2b22Fcd0AA0299,0x9AC8e36508939f50F6c317670a0806fd36E03C86
11449413,0x9b4a34f648f6e7f18d10446b570d5bf64d9d5601a0aa4cfa6260db3198a13663,0x00a0708644A2Ff370748fd9f1757134543a27e02,0x1E5F8B14c2bd60e2890445718c8fF37CD776aE97
11451059,0xc01e5e2e61e36fd51da99420a63b53c6941060ac9202428b7730d71936ef4d48,0x81973aF270b5F6CD3667d2412C986ca370da6882,0x0D73B9C3860b29239Ff3e7fB918C1c97373153b2
11463395,0x31e1d40213acad9e3bc2bfc9ec68d105162eff5dbb6830fe6c3526923950b539,0x447b253857C29e722301D028eb131e81A06fE656,0x1AEbd627785f1C94f3ceA1826C64Ec44507CD040
11474506,0xefb5ed04e26675addf44c147d5295948ab693cd4ac15ff52bb1f45473313b45a,0xCd7e8A1018F9B9f773f2c2faDD44F54Ca0D94cE3,0x001944E15aE949cEA6bD7350B2b35F8E99D16b89
11498840,0xfb6ecb8606a10fcee8e2f0b442d0a85f3a3e78448cdb2119fd487562500215ea,0x5CF24F62bCc2fAfA056C8d1429bC799400e285ab,0x257f096825b3A1E7B7Cf0aB79aAd70508223c0B8
11585060,0x412ed15a9db5790ee0e82962cf784fc1c1597debf2bff18b9392aa9529b6cd90,0xf340A26426114Ce82e0dDAE9A6CAe62a681fBc52,0xBB0F8CAB1c95352BE9f7Ed00189f42Bf0AcfF6df
11588298,0x88c951cf5b7094ae393b7bc38945fbd031576ff8d09bbd00c2d8cc1831c00688,0xC453526c898e66af4a25D4D486854922BE8bef69,0xBdE2f9D919B6Da04A87B3fB9812131F425Ee6560
11588309,0x67848d903d51753855b42a93ae68d1d1623507eb08e3d0f39da6628df575084d,0xC453526c898e66af4a25D4D486854922BE8bef69,0x4A91aD4d3fc294f134b0DA55438B1422Bb42207B
11588363,0x265518694bf90d91dddef6fe9cc90c84339eeba762d51cba59d9cb376f2e7d1d,0xC453526c898e66af4a25D4D486854922BE8bef69,0x68043bC9Ad280a88f2d1Db55b7E3632d522DE059
11588363,0x3ec2fbb52310af7e3f5a427e2f95db27615e5e79761e4ac13ae0bbeb46b157f0,0xC453526c898e66af4a25D4D486854922BE8bef69,0xdcD4D78bfB04384d8cDb1AD8fa463F1066FD776d
11588372,0xb6da18ad5d986db4d15003ca506e3f03024b1e924546a2f51792ace634051829,0xC453526c898e66af4a25D4D486854922BE8bef69,0x228DDBe5D67E23DfD2165348D4BbFbE08c34cdd1
11588377,0xf545ea02bbdcde6a680f0f133600165f8cd673fc98ccab362dcf0e2f9e1ce6b9,0xC453526c898e66af4a25D4D486854922BE8bef69,0x6c23F60a8ea2e41D41bB9c1610ebd5fc0cE0642F
11588377,0xd722440c82f0b792e9736d873c639bbb900058ce68adf6ff8e6626fcdbc7127f,0xC453526c898e66af4a25D4D486854922BE8bef69,0x87bb54070fFE2F1B6e72FC0e36ab2B74Fb793932
11588377,0x1188f6bd21d811067992aa23c39f1830d6f71f2b2010370ecf8b37cb331e87c6,0xC453526c898e66af4a25D4D486854922BE8bef69,0x5555d9c6a91d68FBA3021ED132E5A9173c3e49Af
11588422,0x7ea2cd23de1401474d49774fe5e4a6ff0cbac2ecaab614ba1e50cc68e00ab9f1,0xC453526c898e66af4a25D4D486854922BE8bef69,0x934Ccc91B460C27134ce87903a502e6E648d4f82
11588422,0xb2c990af67ea7d7dddee1a92a9e4f9a0ab1704122734ccfd0e20565d6373f4d7,0xC453526c898e66af4a25D4D486854922BE8bef69,0x79034838480bBBB09f4d21b7DE10cE089Db7F132
11588425,0x988ed4285d0481995ce040435bc517b6c515bcf2474abd68b65805a4b5169efa,0xC453526c898e66af4a25D4D486854922BE8bef69,0x88960DeC57fAE0867EEf601fB84AAc2c73Ef33FF
11588425,0x3cac49fca3e9d21003f869b2e6b0347e291ad1e986150ce8e3ec318626eb573c,0xC453526c898e66af4a25D4D486854922BE8bef69,0x4243Aa6453c243d37cC3aB041a3CBaAbaF6868F2
11588425,0xda4e5d6306e4184a53b25ca4cbc2c6f450e00631a77fca14a40f208a215c4a48,0xC453526c898e66af4a25D4D486854922BE8bef69,0xcCdff86155528c00A25E41B69219508A87ed51a9
11595154,0x32433a2ef2328a331b07ccd7b1554116c5edd6c512c10f91f872f14cdb1d7cbe,0x2C305A4302Db2609235Daf407a0C5142D05D2239,0x867Ce0A074474d82C4dE6Af1627dC88f2334628D
11604211,0xd4994dfff56707d111aaa34bedd0376ae9fdd2663269f5e5e14bd5e06f4e63e2,0xb134C95CFc957e30E8d6E9f823277b3253c6205A,0x41D730F85EEe1959C0f067A1984e99E7a836a4b5
11604211,0x2d52626a090145a153f2a6dc9bd9f3edfabe2ac5d6411c84aa1d8c560d4204d8,0xb134C95CFc957e30E8d6E9f823277b3253c6205A,0xB8aA76B55A42310b676b071BaC338100a1D6D60C
11633378,0xf82846a42936ab34b26b59f91f42ba314fcf020757914d4c1274877236bdeec6,0xdFEBC4eFB2cF2c184AD4F8Ee62e4046AcfF9fB39,0x773c1e2bcD055406B2F2d2E4B45E81c0eA4d01A1
11637838,0xec3f4e2a2bd0c798af46c3b1607699438db5d3c3d710047bcb41a632f3659a1f,0xF50F1f8635823Ac38A3f36af4478fFa8a2810424,0x329F31bdE1c2834d2db45e9bb48457843649A5e7
11637841,0x71eb4b409313bb88d7088570ef7c2c02fd8a5cc16e5ed58640bf223756d3dfbb,0xF50F1f8635823Ac38A3f36af4478fFa8a2810424,0x0454EfA6061ca0B720B80B3C92D09e6898Ad08e1
11637847,0x64e219a0ccf744984c40d4dbfd8c94ef2d33cf116a11f88fe63454ffc4a0a1fc,0xF50F1f8635823Ac38A3f36af4478fFa8a2810424,0x737c0FC3f0d4Eca970768F4130Ec56199db0b619
11637849,0xa2c605d1d42937b7a228f53463cafa5c739727b8ce4d2512bdda610861369374,0xF50F1f8635823Ac38A3f36af4478fFa8a2810424,0x331C2ef6dAa663eD0B6b3e305A5bC2eD52f87A89
11637856,0xa02f4192558cf93aa95fb89c3ee0c9214cc91fb701ceeabee85ba31e7977e9ae,0xF50F1f8635823Ac38A3f36af4478fFa8a2810424,0x6d8eAd3Dc77397bC8469A5166CAAC3fa47AF71b1
11638534,0x0720669b82b7b32a23263643c4a78e02690e6ae1b2d4110c15850480e0b1bcf3,0xE8Ac36E377a40D034E39fB39c398759D56F9A1Ec,0x249e613101118aFe2D8A5Cfe9f92aD2b8c37e98E
11639620,0x0cd5789538557f0972fbcd57e3395ce6c4d92c5f4336b88840d7a7ceae1008fb,0xf27930cAd39B4949e12bEecc2525DEec3e0C82A0,0x56A24C2ac7D2BE123689b988c947705BA1Fa89C7
11649661,0x37e257d44f8aed76da0988a2ac0abf9fb9f9744f81785ca7d294ea91b6264d78,0x3CD1a28Be614136e26F867c9fE47821Fcf6dc7f6,0x482E818067566E11714bB29cADF7C1139f47fBba
11656343,0x239f78ac1497fef875db0df598caa5b8e2561adff4a81a9f88ec22da2eda6dd9,0x9bd43F763Ce89774ec1601119628b9c8e4Ca8153,0xF9a306C5D8098248Bb05EF3b0aEE3Be3019489ef
11667146,0xbec7067db9a361b59ee7c2a8d53bf37d52e78f2324982f634a660be1a2716fe7,0x47CB9497c2ECe47C4aDF68D11B3aF6D06618a818,0xA3043aB105467bDD27383199123F25Ad000750da
11670089,0x919bfe9b932748de4374868079b01804fa7eb608910afbc8970ae4c60e75a3bd,0x6cc23afD08483c93A1732698D81Df5790467c338,0x25D0F5425F43ecE6341C075658257e398690789B
11675632,0x3293d585dd556beab3a0a9babcc20f684e9dbb92b8f8334f55ce44847bee19b5,0x7a3f5a46CE18A4db6fE7cA4C2fbF96793a203462,0x1bC73bf111f6Cbf2F2c45B7FF20666C7D65D1C13
11675635,0x96b04c7024ca6d0cd01a685b30ac70ed30abebf459967a1c24e7899ed9a1ce4e,0x7a3f5a46CE18A4db6fE7cA4C2fbF96793a203462,0x9127BF33DF3B2272d818AA0297970cd70b2234e8
11675636,0x40233320e248be73b0124a26ba8104ebe085ec9ed2683fe4d7632489ae2a0a0e,0x7a3f5a46CE18A4db6fE7cA4C2fbF96793a203462,0x4Db97c16aaa7976a98160dda0C44282F196dfBF3
11680605,0x1615a2d4975e4c1565499c441f25eb647b61343536edc8df308f76f6c642c390,0x9FfbFe94B05c5e5989aCe3F8629fE8a2a912EB50,0x7F0E572105695bd2d288e94EeB6b5430081542F1
11691947,0xf741fb3e44847099b3e1635efbb9c9e07f88d4bc09bcf438313430d4eb36f870,0x17d0b65e441E6f539b881bC0B28d175071DdBB2e,0x94e5b097cE82f4227d3266E022d5a5055F386d98
11700927,0x653ae2d4f2ea4ab3b5a6711f7b4ddff8e64eff5cac8dedef87275f272b17ed18,0xEa8D60bAf7088C0c46242DD46237EcA2f403558a,0xfF950D443b445db6B8Be01328b0f49Ee2db60A74
11701002,0xa549708e20918c6ba655b7114bdc672124cead05dc6d9ede7ac8213189cf47f7,0xEa8D60bAf7088C0c46242DD46237EcA2f403558a,0xd270e2c630947F967CFD26fE81281F0D43DF88cf
11701015,0xfd8c5721f4ebd6e9728fd2a782e17aeaa1c2afe192ef1d3090370ecb6b12ac57,0xEa8D60bAf7088C0c46242DD46237EcA2f403558a,0x0C4f782a4593D1874778d31c548C5161E444D228
11701018,0x5fc88b8e4f1b6ab667fd81fba9f6c571bee7ae44f86df50419899297b50b3948,0xEa8D60bAf7088C0c46242DD46237EcA2f403558a,0x61347dF8106f958e5eBf9dE824E634E7F860C7F2
11701018,0x2b47f5674de99cd3c54c03c71b473c59920d727b6ca06a91116093e30489ac34,0xEa8D60bAf7088C0c46242DD46237EcA2f403558a,0xD2175cd4729dC0Ee8aD2b7CFbf459C293425DB95
11721245,0x6647629e0f83d71f800240dec94e2bd2d844ee2c3d36f3f9cf971c751025e857,0xc9065f8ebd12687E22e7c197dA83ded5E66c5a4F,0xC5eBb7CDdB330F391bDDa614D4dff8C4887849f7
